"","V1","recom","V3"
"711",30004534,6425411,0.142857142857143
"1273",30004534,11446663,0.142857142857143
"2651",30004534,19877391,0.142857142857143
"2670",30004534,20045047,0.142857142857143
"3013",30004534,21638155,0.142857142857143
"3990",30004534,26042457,0.142857142857143
"4097",30004534,27234834,0.142857142857143
"4337",30004534,29826978,0.142857142857143
"1239",30004534,11215098,0.143578643578644
"1292",30004534,11640884,0.143578643578644
